{"duration": 0.00028133392333984375, "input_args": {"x": "10"}, "time": 1714939269.3909752}