{"duration": 0.00023674964904785156, "input_args": {"x": "11"}, "time": 1714939269.392193}